RMSE_train,R2_train,RMSE_test,R2_test
0.27483594973766345,0.9659201189125503,0.6969582859682346,0.8632395835745568
